-- phpMyAdmin SQL Dump
-- version 4.5.1
-- http://www.phpmyadmin.net
--
-- Servidor: 127.0.0.1
-- Tiempo de generación: 10-11-2016 a las 16:20:22
-- Versión del servidor: 10.1.13-MariaDB
-- Versión de PHP: 5.6.21

SET SQL_MODE = "NO_AUTO_VALUE_ON_ZERO";
SET time_zone = "+00:00";


/*!40101 SET @OLD_CHARACTER_SET_CLIENT=@@CHARACTER_SET_CLIENT */;
/*!40101 SET @OLD_CHARACTER_SET_RESULTS=@@CHARACTER_SET_RESULTS */;
/*!40101 SET @OLD_COLLATION_CONNECTION=@@COLLATION_CONNECTION */;
/*!40101 SET NAMES utf8mb4 */;

--
-- Base de datos: `oceo`
--

-- --------------------------------------------------------

--
-- Estructura de tabla para la tabla `auto`
--

CREATE TABLE `auto` (
  `idauto` int(11) NOT NULL,
  `idmarca` int(11) NOT NULL,
  `modelo` varchar(100) DEFAULT NULL,
  `placa` varchar(100) DEFAULT NULL,
  `precio` decimal(10,0) DEFAULT NULL
) ENGINE=InnoDB DEFAULT CHARSET=latin1;

--
-- Volcado de datos para la tabla `auto`
--

INSERT INTO `auto` (`idauto`, `idmarca`, `modelo`, `placa`, `precio`) VALUES
(1, 1, '500', '8362347', '112463'),
(2, 1, 'Grande Punto', '5567885', '516445'),
(3, 1, 'Punto Evo', '1405189', '977278'),
(4, 1, '500c', '399818', '667046'),
(5, 1, '695', '7185257', '880284'),
(6, 1, 'Punto', '1124525', '492521'),
(7, 2, '155', '7016462', '613744'),
(8, 2, '156', '8869926', '551750'),
(9, 2, '159', '5658699', '538629'),
(10, 2, '164', '1442399', '86424'),
(11, 2, '145', '4677901', '131363'),
(12, 2, '147', '5002354', '203878'),
(13, 2, '146', '6989427', '711420'),
(14, 2, 'Gtv', '5952426', '737806'),
(15, 2, 'Spider', '1795567', '128872'),
(16, 2, '166', '2808018', '102197'),
(17, 2, 'Gt', '1550040', '267984'),
(18, 2, 'Crosswagon', '1452770', '961303'),
(19, 2, 'Brera', '9179107', '76716'),
(20, 2, '90', '8599190', '954809'),
(21, 2, '75', '9432726', '435135'),
(22, 2, '33', '9173350', '250904'),
(23, 2, 'Giulietta', '8445789', '347580'),
(24, 2, 'Sprint', '5490177', '169960'),
(25, 2, 'Mito', '3065800', '296166'),
(26, 3, 'Expander', '5070147', '127680'),
(27, 3, '10', '9722932', '716414'),
(28, 3, '24', '2299183', '625373'),
(29, 3, 'Dacia', '5809482', '887648'),
(30, 4, 'Rocsta', '6126893', '968393'),
(31, 5, 'Rocsta', '768356', '974011'),
(32, 6, 'Db7', '2594934', '342788'),
(33, 6, 'V8', '1804629', '307489'),
(34, 6, 'Db9', '2839513', '339969'),
(35, 6, 'Vanquish', '5886624', '230408'),
(36, 6, 'V8 Vantage', '2643110', '376403'),
(37, 6, 'Vantage', '2562680', '447469'),
(38, 6, 'Dbs', '8465563', '975747'),
(39, 6, 'Volante', '8851188', '208447'),
(40, 6, 'Virage', '5052709', '324447'),
(41, 6, 'Vantage V8', '2029412', '610432'),
(42, 6, 'Vantage V12', '7332526', '326882'),
(43, 6, 'Rapide', '9142426', '511628'),
(44, 6, 'Cygnet', '4251513', '66462'),
(45, 7, '80', '9612668', '14725'),
(46, 7, 'A4', '8611286', '516274'),
(47, 7, 'A6', '8334656', '281393'),
(48, 7, 'S6', '2686849', '992205'),
(49, 7, 'Coupe', '9749340', '962518'),
(50, 7, 'S2', '7848726', '241615'),
(51, 7, 'Rs2', '1511672', '697186'),
(52, 7, 'A8', '118491', '163034'),
(53, 7, 'Cabriolet', '462448', '224863'),
(54, 7, 'S8', '755314', '959052'),
(55, 7, 'A3', '73456', '867840'),
(56, 7, 'S4', '7579309', '831037'),
(57, 7, 'Tt', '3560417', '747655'),
(58, 7, 'S3', '4932675', '264170'),
(59, 7, 'Allroad Quattro', '6706053', '988948'),
(60, 7, 'Rs4', '619193', '670197'),
(61, 7, 'A2', '1298425', '81694'),
(62, 7, 'Rs6', '8112739', '872487'),
(63, 7, 'Q7', '730091', '85386'),
(64, 7, 'R8', '4354066', '552524'),
(65, 7, 'A5', '8312687', '989422'),
(66, 7, 'S5', '7799856', '282741'),
(67, 7, 'V8', '2024614', '997698'),
(68, 7, '200', '9256600', '965881'),
(69, 7, '100', '4596928', '595549'),
(70, 7, '90', '5578015', '787931'),
(71, 7, 'Tts', '2008719', '944195'),
(72, 7, 'Q5', '4236828', '837553'),
(73, 7, 'A4 Allroad Quattro', '160935', '352138'),
(74, 7, 'Tt Rs', '2891196', '654508'),
(75, 7, 'Rs5', '5793572', '416069'),
(76, 7, 'A1', '8302442', '689301'),
(77, 7, 'A7', '5760344', '977329'),
(78, 7, 'Rs3', '5306069', '728228'),
(79, 7, 'Q3', '5876313', '204930'),
(80, 7, 'A6 Allroad Quattro', '3757466', '875567'),
(81, 7, 'S7', '1560037', '568919'),
(82, 7, 'Sq5', '2870098', '955377'),
(83, 8, 'Mini', '2621344', '356950'),
(84, 8, 'Montego', '8280524', '827922'),
(85, 8, 'Maestro', '2264181', '156734'),
(86, 8, 'Metro', '6106912', '905962'),
(87, 8, 'Mini Moke', '2818727', '233822'),
(88, 9, 'Diesel', '5621103', '607694'),
(89, 10, 'Brooklands', '7957461', '372595'),
(90, 10, 'Turbo', '3145622', '218900'),
(91, 10, 'Continental', '6335529', '594861'),
(92, 10, 'Azure', '3311752', '475919'),
(93, 10, 'Arnage', '2448308', '672738'),
(94, 10, 'Continental Gt', '525459', '602936'),
(95, 10, 'Continental Flying Spur', '5751936', '975095'),
(96, 10, 'Turbo R', '544830', '992989'),
(97, 10, 'Mulsanne', '5222170', '679743'),
(98, 10, 'Eight', '9417643', '840660'),
(99, 10, 'Continental Gtc', '4779800', '180123'),
(100, 10, 'Continental Supersports', '1441381', '334027'),
(101, 11, 'Freeclimber Diesel', '8336021', '20268'),
(102, 12, 'Serie 3', '2699025', '97043'),
(103, 12, 'Serie 5', '1318228', '730546'),
(104, 12, 'Compact', '2582145', '217633'),
(105, 12, 'Serie 7', '6694379', '897665'),
(106, 12, 'Serie 8', '8594717', '339206'),
(107, 12, 'Z3', '815902', '698243'),
(108, 12, 'Z4', '5183275', '679485'),
(109, 12, 'Z8', '6992993', '717815'),
(110, 12, 'X5', '6191957', '451157'),
(111, 12, 'Serie 6', '8755590', '517098'),
(112, 12, 'X3', '5054924', '723464'),
(113, 12, 'Serie 1', '9435641', '405641'),
(114, 12, 'Z1', '3700231', '933716'),
(115, 12, 'X6', '4914301', '614933'),
(116, 12, 'X1', '4713798', '967961'),
(117, 13, 'Seville', '7913270', '910408'),
(118, 13, 'Sts', '5359183', '933148'),
(119, 13, 'El Dorado', '7524185', '998712'),
(120, 13, 'Cts', '5079394', '918913'),
(121, 13, 'Xlr', '9201113', '208498'),
(122, 13, 'Srx', '7024355', '479190'),
(123, 13, 'Escalade', '9284563', '108952'),
(124, 13, 'Bls', '4686860', '46179'),
(125, 14, 'Corvette', '5115309', '756833'),
(126, 14, 'Blazer', '2242939', '886318'),
(127, 14, 'Astro', '2796667', '122527'),
(128, 14, 'Nubira', '4491408', '690461'),
(129, 14, 'Evanda', '9339665', '60527'),
(130, 14, 'Trans Sport', '5943736', '288918'),
(131, 14, 'Camaro', '4770258', '598591'),
(132, 14, 'Matiz', '3636979', '636679'),
(133, 14, 'Alero', '9349392', '546425'),
(134, 14, 'Tahoe', '423035', '861157'),
(135, 14, 'Tacuma', '8049016', '541739'),
(136, 14, 'Trailblazer', '7255351', '529806'),
(137, 14, 'Kalos', '5067339', '832653'),
(138, 14, 'Aveo', '8078986', '571431'),
(139, 14, 'Lacetti', '9704154', '385595'),
(140, 14, 'Epica', '6594306', '48656'),
(141, 14, 'Captiva', '7494689', '825934'),
(142, 14, 'Hhr', '6651472', '358737'),
(143, 14, 'Cruze', '637142', '334209'),
(144, 14, 'Spark', '6437185', '509485'),
(145, 14, 'Orlando', '6076366', '715317'),
(146, 14, 'Volt', '7736765', '491753'),
(147, 14, 'Malibu', '7399034', '316347'),
(148, 15, 'Vision', '4921527', '690805'),
(149, 15, '300m', '2276205', '316477'),
(150, 15, 'Grand Voyager', '1646171', '467305'),
(151, 15, 'Viper', '2861884', '836166'),
(152, 15, 'Neon', '4851540', '844910'),
(153, 15, 'Voyager', '4544878', '137488'),
(154, 15, 'Stratus', '7124144', '64889'),
(155, 15, 'Sebring', '466828', '260183'),
(156, 15, 'Sebring 200c', '1081287', '867150'),
(157, 15, 'New Yorker', '5138047', '397300'),
(158, 15, 'Pt Cruiser', '5574692', '738803'),
(159, 15, 'Crossfire', '7413108', '454096'),
(160, 15, '300c', '5874594', '158769'),
(161, 15, 'Le Baron', '1894177', '860846'),
(162, 15, 'Saratoga', '8991083', '942009'),
(163, 16, 'Xantia', '4875866', '1162'),
(164, 16, 'Xm', '9478091', '262077'),
(165, 16, 'Ax', '5400303', '380079'),
(166, 16, 'Zx', '7074052', '639821'),
(167, 16, 'Evasion', '3512970', '721177'),
(168, 16, 'C8', '7772446', '352110'),
(169, 16, 'Saxo', '37174', '319759'),
(170, 16, 'C2', '4204879', '777724'),
(171, 16, 'Xsara', '2824318', '694845'),
(172, 16, 'C4', '6919529', '463086'),
(173, 16, 'Xsara Picasso', '4412270', '373939'),
(174, 16, 'C5', '5241316', '801944'),
(175, 16, 'C3', '5278407', '586645'),
(176, 16, 'C3 Pluriel', '645630', '186520'),
(177, 16, 'C1', '2172062', '142597'),
(178, 16, 'C6', '5272087', '818644'),
(179, 16, 'Grand C4 Picasso', '3223352', '619856'),
(180, 16, 'C4 Picasso', '2844961', '309260'),
(181, 16, 'Ccrosser', '6386325', '920499'),
(182, 16, 'C15', '8401566', '508701'),
(183, 16, 'Jumper', '891474', '722287'),
(184, 16, 'Jumpy', '2826564', '306751'),
(185, 16, 'Berlingo', '805004', '83732'),
(186, 16, 'Bx', '6042871', '700490'),
(187, 16, 'C25', '5385258', '475662'),
(188, 16, 'Cx', '5812190', '859927'),
(189, 16, 'Gsa', '7133810', '116221'),
(190, 16, 'Visa', '6999343', '166237'),
(191, 16, 'Lna', '8147088', '857281'),
(192, 16, '2cv', '1814163', '499497'),
(193, 16, 'Nemo', '1274993', '16556'),
(194, 16, 'C4 Sedan', '944843', '761169'),
(195, 16, 'Berlingo First', '7183175', '186047'),
(196, 16, 'C3 Picasso', '9948224', '384146'),
(197, 16, 'Ds3', '678496', '4000'),
(198, 16, 'Czero', '7337033', '479941'),
(199, 16, 'Ds4', '3656749', '490669'),
(200, 16, 'Ds5', '1389465', '970140'),
(201, 16, 'C4 Aircross', '1415755', '973417'),
(202, 16, 'Celysee', '2213103', '110898'),
(203, 17, 'Corvette', '4881352', '757179'),
(204, 18, 'Contac', '8233663', '54822'),
(205, 18, 'Logan', '899413', '372118'),
(206, 18, 'Sandero', '5402064', '187170'),
(207, 18, 'Duster', '7515734', '855902'),
(208, 18, 'Lodgy', '2204648', '517604'),
(209, 19, 'Nexia', '866235', '737552'),
(210, 19, 'Aranos', '1669411', '217977'),
(211, 19, 'Lanos', '9552340', '264755'),
(212, 19, 'Nubira', '463071', '88743'),
(213, 19, 'Compact', '6201035', '282871'),
(214, 19, 'Nubira Compact', '7616966', '895562'),
(215, 19, 'Leganza', '7042226', '737586'),
(216, 19, 'Evanda', '2497001', '318658'),
(217, 19, 'Matiz', '134302', '627349'),
(218, 19, 'Tacuma', '847688', '809649'),
(219, 19, 'Kalos', '6698681', '404892'),
(220, 19, 'Lacetti', '2017494', '499430'),
(221, 21, 'Applause', '4444013', '52168'),
(222, 21, 'Charade', '2215230', '805832'),
(223, 21, 'Rocky', '8046800', '37179'),
(224, 21, 'Feroza', '8047824', '83292'),
(225, 21, 'Terios', '7032759', '373935'),
(226, 21, 'Sirion', '6979270', '151925'),
(227, 22, 'Serie Xj', '7136872', '841698'),
(228, 22, 'Xj', '5568866', '685387'),
(229, 22, 'Double Six', '7832959', '173419'),
(230, 22, 'Six', '4960654', '549152'),
(231, 22, 'Series Iii', '9565664', '207444'),
(232, 23, 'Viper', '6946962', '272228'),
(233, 23, 'Caliber', '9219292', '387705'),
(234, 23, 'Nitro', '6301317', '909102'),
(235, 23, 'Avenger', '2174238', '956914'),
(236, 23, 'Journey', '877694', '812566'),
(237, 24, 'F355', '2661206', '826839'),
(238, 24, '360', '109585', '355384'),
(239, 24, 'F430', '8225036', '746276'),
(240, 24, 'F512 M', '3711595', '509608'),
(241, 24, '550 Maranello', '4922254', '309654'),
(242, 24, '575m Maranello', '6617366', '517362'),
(243, 24, '599', '8543536', '160902'),
(244, 24, '456', '2274324', '624394'),
(245, 24, '456m', '2426526', '197457'),
(246, 24, '612', '9640923', '766187'),
(247, 24, 'F50', '8294177', '919933'),
(248, 24, 'Enzo', '6685321', '205748'),
(249, 24, 'Superamerica', '9979424', '497706'),
(250, 24, '430', '8535382', '520729'),
(251, 24, '348', '2530516', '999594'),
(252, 24, 'Testarossa', '9531293', '117154'),
(253, 24, '512', '740965', '646357'),
(254, 24, '355', '8295031', '141878'),
(255, 24, 'F40', '3323609', '483936'),
(256, 24, '412', '5831804', '831987'),
(257, 24, 'Mondial', '7943726', '540780'),
(258, 24, '328', '7902402', '219948'),
(259, 24, 'California', '4779292', '215404'),
(260, 24, '458', '2137581', '195220'),
(261, 24, 'Ff', '6225905', '444970'),
(262, 25, 'Croma', '7798929', '600226'),
(263, 25, 'Cinquecento', '9016284', '711048'),
(264, 25, 'Seicento', '8826443', '829238'),
(265, 25, 'Punto', '4630815', '214944'),
(266, 25, 'Grande Punto', '6560445', '212823'),
(267, 25, 'Panda', '7320000', '818030'),
(268, 25, 'Tipo', '1128028', '746265'),
(269, 25, 'Coupe', '7390735', '506721'),
(270, 25, 'Uno', '813920', '986523'),
(271, 25, 'Ulysse', '1603638', '436716'),
(272, 25, 'Tempra', '6180888', '538847'),
(273, 25, 'Marea', '9420564', '199326'),
(274, 25, 'Barchetta', '2015146', '818815'),
(275, 25, 'Bravo', '1965630', '755059'),
(276, 25, 'Stilo', '8198505', '549494'),
(277, 25, 'Brava', '8824123', '295078'),
(278, 25, 'Palio Weekend', '1908033', '927987'),
(279, 25, '600', '4676433', '599248'),
(280, 25, 'Multipla', '3828418', '539938'),
(281, 25, 'Idea', '3870823', '533345'),
(282, 25, 'Sedici', '3332868', '432142'),
(283, 25, 'Linea', '7240263', '150875'),
(284, 25, '500', '1937004', '309957'),
(285, 25, 'Fiorino', '8249675', '217835'),
(286, 25, 'Ducato', '3923087', '625252'),
(287, 25, 'Doblo Cargo', '9067085', '362313'),
(288, 25, 'Doblo', '2498948', '382342'),
(289, 25, 'Strada', '1465943', '290244'),
(290, 25, 'Regata', '2101844', '108680'),
(291, 25, 'Talento', '1849783', '732481'),
(292, 25, 'Argenta', '8799193', '631531'),
(293, 25, 'Ritmo', '8624331', '958135'),
(294, 25, 'Punto Classic', '7935019', '405499'),
(295, 25, 'Qubo', '9623792', '255089'),
(296, 25, 'Punto Evo', '9551568', '540075'),
(297, 25, '500c', '4707480', '668812'),
(298, 25, 'Freemont', '5300029', '419176'),
(299, 25, 'Panda Classic', '5961824', '219782'),
(300, 25, '500l', '9485957', '227372'),
(301, 26, 'Maverick', '2586196', '898986'),
(302, 26, 'Escort', '8977873', '199775'),
(303, 26, 'Focus', '499616', '408525'),
(304, 26, 'Mondeo', '4189108', '515812'),
(305, 26, 'Scorpio', '4820416', '455151'),
(306, 26, 'Fiesta', '7750974', '53221'),
(307, 26, 'Probe', '371290', '608914'),
(308, 26, 'Explorer', '1288890', '917472'),
(309, 26, 'Galaxy', '7731413', '574672'),
(310, 26, 'Ka', '9652910', '597491'),
(311, 26, 'Puma', '5379714', '43415'),
(312, 26, 'Cougar', '8848682', '429829'),
(313, 26, 'Focus Cmax', '7135134', '194760'),
(314, 26, 'Fusion', '4301008', '464727'),
(315, 26, 'Streetka', '548249', '797808'),
(316, 26, 'Cmax', '5833394', '15532'),
(317, 26, 'Smax', '1863571', '642367'),
(318, 26, 'Transit', '264988', '578353'),
(319, 26, 'Courier', '9914969', '856590'),
(320, 26, 'Ranger', '2037608', '715279'),
(321, 26, 'Sierra', '5734878', '915091'),
(322, 26, 'Orion', '2602421', '644460'),
(323, 26, 'Pick Up', '9241066', '501251'),
(324, 26, 'Capri', '1709933', '804715'),
(325, 26, 'Granada', '7819441', '485460'),
(326, 26, 'Kuga', '8750027', '473449'),
(327, 26, 'Grand Cmax', '9635617', '382999'),
(328, 26, 'Bmax', '1436338', '390414'),
(329, 26, 'Tourneo Custom', '8161000', '339114'),
(330, 27, 'Exceed', '5097410', '692282'),
(331, 27, 'Santamo', '8034509', '548420'),
(332, 27, 'Super Exceed', '1539816', '186049'),
(333, 29, 'Accord', '6437270', '124899'),
(334, 29, 'Civic', '5569308', '792962'),
(335, 29, 'Crx', '9515279', '768523'),
(336, 29, 'Prelude', '9873391', '813375'),
(337, 29, 'Nsx', '7796926', '139847'),
(338, 29, 'Legend', '6475648', '703415'),
(339, 29, 'Crv', '7797789', '454932'),
(340, 29, 'Hrv', '6607351', '854408'),
(341, 29, 'Logo', '9422059', '183629'),
(342, 29, 'S2000', '2081301', '114787'),
(343, 29, 'Stream', '9159915', '872155'),
(344, 29, 'Jazz', '5521664', '750478'),
(345, 29, 'Frv', '5150266', '69784'),
(346, 29, 'Concerto', '2440734', '616087'),
(347, 29, 'Insight', '8853177', '967281'),
(348, 29, 'Crz', '3690568', '203112'),
(349, 30, 'H2', '4463064', '185480'),
(350, 30, 'H3', '1788082', '997370'),
(351, 30, 'H3t', '8593785', '923843'),
(352, 31, 'Lantra', '8619319', '229587'),
(353, 31, 'Sonata', '94148', '648938'),
(354, 31, 'Elantra', '3971534', '996253'),
(355, 31, 'Accent', '7336292', '952457'),
(356, 31, 'Scoupe', '5098076', '171809'),
(357, 31, 'Coupe', '2242293', '585859'),
(358, 31, 'Atos', '2978143', '145620'),
(359, 31, 'H1', '8327740', '509015'),
(360, 31, 'Atos Prime', '2767142', '210322'),
(361, 31, 'Xg', '3855845', '51810'),
(362, 31, 'Trajet', '5082862', '753703'),
(363, 31, 'Santa Fe', '9738425', '676794'),
(364, 31, 'Terracan', '2846063', '415966'),
(365, 31, 'Matrix', '3776987', '643336'),
(366, 31, 'Getz', '8199280', '377399'),
(367, 31, 'Tucson', '7685522', '59295'),
(368, 31, 'I30', '8544465', '147260'),
(369, 31, 'Pony', '1113588', '552942'),
(370, 31, 'Grandeur', '3425933', '875777'),
(371, 31, 'I10', '7844115', '257049'),
(372, 31, 'I800', '3492992', '756037'),
(373, 31, 'Sonata Fl', '2683480', '642167'),
(374, 31, 'Ix55', '5778040', '504217'),
(375, 31, 'I20', '7006375', '823181'),
(376, 31, 'Ix35', '5970591', '784497'),
(377, 31, 'Ix20', '9434657', '226285'),
(378, 31, 'Genesis', '2562125', '296509'),
(379, 31, 'I40', '2780224', '421962'),
(380, 31, 'Veloster', '610309', '649294'),
(381, 32, 'G', '7794314', '144571'),
(382, 32, 'Ex', '8512952', '431862'),
(383, 32, 'Fx', '2775577', '195076'),
(384, 32, 'M', '5568819', '141587'),
(385, 33, 'Elba', '2626531', '282488'),
(386, 33, 'Minitre', '540366', '807583'),
(387, 34, 'Trooper', '2906899', '263'),
(388, 34, 'Pick Up', '4060003', '722683'),
(389, 34, 'D Max', '7936936', '194658'),
(390, 34, 'Rodeo', '3241223', '796609'),
(391, 34, 'Dmax', '1886928', '1440'),
(392, 34, 'Trroper', '4935486', '813988'),
(393, 35, 'Daily', '6512595', '472102'),
(394, 35, 'Massif', '9051014', '666851'),
(395, 36, 'Daily', '4298646', '255955'),
(396, 36, 'Duty', '8653916', '244652'),
(397, 37, 'Serie Xj', '7855923', '235974'),
(398, 37, 'Serie Xk', '5504984', '528449'),
(399, 37, 'Xj', '7933829', '434581'),
(400, 37, 'Stype', '9980343', '534605'),
(401, 37, 'Xf', '3416404', '975760'),
(402, 37, 'Xtype', '4634824', '509934'),
(403, 38, 'Wrangler', '8305781', '951855'),
(404, 38, 'Cherokee', '6949015', '840626'),
(405, 38, 'Grand Cherokee', '9316501', '914946'),
(406, 38, 'Commander', '696446', '345263'),
(407, 38, 'Compass', '8768538', '92080'),
(408, 38, 'Wrangler Unlimited', '8926782', '510859'),
(409, 38, 'Patriot', '6242081', '884534'),
(410, 39, 'Sportage', '2608584', '368845'),
(411, 39, 'Sephia', '5166632', '522869'),
(412, 39, 'Sephia Ii', '6747071', '240943'),
(413, 39, 'Pride', '5102346', '994143'),
(414, 39, 'Clarus', '9170940', '486063'),
(415, 39, 'Shuma', '7905213', '267284'),
(416, 39, 'Carnival', '8310288', '349263'),
(417, 39, 'Joice', '8700718', '316712'),
(418, 39, 'Magentis', '7225731', '34018'),
(419, 39, 'Carens', '9360434', '884488'),
(420, 39, 'Rio', '1104463', '420222'),
(421, 39, 'Cerato', '9351036', '497844'),
(422, 39, 'Sorento', '8578934', '323699'),
(423, 39, 'Opirus', '5730842', '351147'),
(424, 39, 'Picanto', '2667018', '299470'),
(425, 39, 'Ceed', '8544019', '14004'),
(426, 39, 'Ceed Sporty Wagon', '1535855', '302444'),
(427, 39, 'Proceed', '2108283', '639387'),
(428, 39, 'K2500 Frontier', '1209222', '258041'),
(429, 39, 'K2500', '9665948', '854142'),
(430, 39, 'Soul', '177549', '255430'),
(431, 39, 'Venga', '7134000', '33260'),
(432, 39, 'Optima', '4657826', '736279'),
(433, 39, 'Ceed Sportswagon', '108507', '467143'),
(434, 40, 'Samara', '1020270', '111049'),
(435, 40, 'Niva', '8251991', '694284'),
(436, 40, 'Sagona', '558927', '664412'),
(437, 40, 'Stawra 2110', '4915848', '282255'),
(438, 40, '214', '3373525', '148512'),
(439, 40, 'Kalina', '5282983', '804626'),
(440, 40, 'Serie 2100', '9338659', '581250'),
(441, 40, 'Priora', '116063', '892453'),
(442, 41, 'Gallardo', '5798342', '115376'),
(443, 41, 'Murcielago', '1948167', '918498'),
(444, 41, 'Aventador', '9197711', '320941'),
(445, 42, 'Delta', '5106454', '394596'),
(446, 42, 'K', '4123034', '165988'),
(447, 42, 'Y10', '260373', '244471'),
(448, 42, 'Dedra', '8911383', '926089'),
(449, 42, 'Lybra', '2257819', '953229'),
(450, 42, 'Z', '8592710', '293140'),
(451, 42, 'Y', '5843711', '355950'),
(452, 42, 'Ypsilon', '2959106', '534200'),
(453, 42, 'Thesis', '4069207', '896152'),
(454, 42, 'Phedra', '7918828', '286002'),
(455, 42, 'Musa', '3842662', '893278'),
(456, 42, 'Thema', '9242357', '361528'),
(457, 42, 'Zeta', '5767658', '888724'),
(458, 42, 'Kappa', '3815249', '921047'),
(459, 42, 'Trevi', '2546257', '822216'),
(460, 42, 'Prisma', '5537268', '591319'),
(461, 42, 'A112', '8016328', '664413'),
(462, 42, 'Ypsilon Elefantino', '2716463', '745185'),
(463, 42, 'Voyager', '2042364', '827407'),
(464, 43, 'Range Rover', '4441475', '207089'),
(465, 43, 'Defender', '7413977', '835190'),
(466, 43, 'Discovery', '2789023', '917235'),
(467, 43, 'Freelander', '4490032', '431309'),
(468, 43, 'Range Rover Sport', '8784673', '549449'),
(469, 43, 'Discovery 4', '5932847', '301323'),
(470, 43, 'Range Rover Evoque', '1256925', '76009'),
(471, 44, 'Maxus', '9651747', '493416'),
(472, 45, 'Ls400', '1021121', '577196'),
(473, 45, 'Ls430', '2486523', '253345'),
(474, 45, 'Gs300', '9285972', '210396'),
(475, 45, 'Is200', '8811447', '289974'),
(476, 45, 'Rx300', '1037254', '994515'),
(477, 45, 'Gs430', '890289', '906457'),
(478, 45, 'Gs460', '3816145', '23283'),
(479, 45, 'Sc430', '284278', '404891'),
(480, 45, 'Is300', '5251784', '906745'),
(481, 45, 'Is250', '6760702', '217462'),
(482, 45, 'Rx400h', '777210', '136321'),
(483, 45, 'Is220d', '3443658', '430764'),
(484, 45, 'Rx350', '131852', '911703'),
(485, 45, 'Gs450h', '1478492', '787658'),
(486, 45, 'Ls460', '1768752', '703166'),
(487, 45, 'Ls600h', '2334504', '127669'),
(488, 45, 'Ls', '5466806', '568303'),
(489, 45, 'Gs', '7199479', '254837'),
(490, 45, 'Is', '2132923', '539614'),
(491, 45, 'Sc', '9932798', '114010'),
(492, 45, 'Rx', '4912037', '652064'),
(493, 45, 'Ct', '4685775', '813017'),
(494, 46, 'Elise', '695326', '130172'),
(495, 46, 'Exige', '228950', '36172'),
(496, 47, 'Bolero Pickup', '3619199', '187585'),
(497, 47, 'Goa Pickup', '9692242', '766045'),
(498, 47, 'Goa', '824144', '78617'),
(499, 47, 'Cj', '3159074', '493329'),
(500, 47, 'Pikup', '8960274', '129997'),
(501, 47, 'Thar', '2117074', '312672'),
(502, 48, 'Ghibli', '2499580', '859677'),
(503, 48, 'Shamal', '2469526', '366336'),
(504, 48, 'Quattroporte', '8177293', '798691'),
(505, 48, '3200 Gt', '6399849', '508458'),
(506, 48, 'Coupe', '203386', '157127'),
(507, 48, 'Spyder', '9714612', '292079'),
(508, 48, 'Gransport', '7850390', '730322'),
(509, 48, 'Granturismo', '9863641', '560744'),
(510, 48, '430', '133090', '744740'),
(511, 48, 'Biturbo', '4559339', '383419'),
(512, 48, '228', '1870364', '859961'),
(513, 48, '224', '8632042', '890157'),
(514, 48, 'Grancabrio', '4428941', '281413'),
(515, 49, 'Maybach', '7465656', '613253'),
(516, 50, 'Xedos 6', '4996414', '294002'),
(517, 50, '626', '398645', '544768'),
(518, 50, '121', '32086', '374274'),
(519, 50, 'Xedos 9', '28814', '316211'),
(520, 50, '323', '4166720', '258721'),
(521, 50, 'Mx3', '4887664', '895534'),
(522, 50, 'Rx7', '6268103', '955461'),
(523, 50, 'Mx5', '2848015', '660815'),
(524, 50, 'Mazda3', '3174666', '588031'),
(525, 50, 'Mpv', '1086771', '937932'),
(526, 50, 'Demio', '8690483', '375700'),
(527, 50, 'Premacy', '6630059', '947496'),
(528, 50, 'Tribute', '9134397', '944582'),
(529, 50, 'Mazda6', '3438602', '191325'),
(530, 50, 'Mazda2', '9975030', '241025'),
(531, 50, 'Rx8', '7017273', '950138'),
(532, 50, 'Mazda5', '8863137', '272660'),
(533, 50, 'Cx7', '1216156', '223205'),
(534, 50, 'Serie B', '914411', '297739'),
(535, 50, 'B2500', '6689763', '164775'),
(536, 50, 'Bt50', '1578576', '980667'),
(537, 50, 'Mx6', '2127417', '508207'),
(538, 50, '929', '908602', '738357'),
(539, 50, 'Cx5', '1477336', '999479'),
(540, 51, 'Clase C', '7839637', '952396'),
(541, 51, 'Clase E', '7943054', '449929'),
(542, 51, 'Clase Sl', '4301796', '886330'),
(543, 51, 'Clase S', '8971908', '51861'),
(544, 51, 'Clase Cl', '6236615', '464096'),
(545, 51, 'Clase G', '1710872', '148682'),
(546, 51, 'Clase Slk', '1848546', '118696'),
(547, 51, 'Clase V', '4865351', '449733'),
(548, 51, 'Viano', '3349914', '763213'),
(549, 51, 'Clase Clk', '7784786', '21967'),
(550, 51, 'Clase A', '4115036', '286843'),
(551, 51, 'Clase M', '4275131', '51348'),
(552, 51, 'Vaneo', '9130671', '985037'),
(553, 51, 'Slklasse', '2970341', '1087'),
(554, 51, 'Slr Mclaren', '5252676', '915314'),
(555, 51, 'Clase Cls', '7544013', '413844'),
(556, 51, 'Clase R', '3610647', '576137'),
(557, 51, 'Clase Gl', '1067554', '657674'),
(558, 51, 'Clase B', '2516172', '758016'),
(559, 51, '100d', '7425059', '488101'),
(560, 51, '140d', '6490341', '472567'),
(561, 51, '180d', '4278463', '459350'),
(562, 51, 'Sprinter', '2599938', '363600'),
(563, 51, 'Vito', '2563121', '966528'),
(564, 51, 'Transporter', '2480224', '721721'),
(565, 51, '280', '170128', '426456'),
(566, 51, '220', '5447746', '830163'),
(567, 51, '200', '3895012', '261605'),
(568, 51, '190', '8879516', '295726'),
(569, 51, '600', '5039686', '377353'),
(570, 51, '400', '6193359', '435852'),
(571, 51, 'Clase Sl R129', '6925019', '606240'),
(572, 51, '300', '5429924', '77302'),
(573, 51, '500', '7784462', '428802'),
(574, 51, '420', '2588729', '440801'),
(575, 51, '260', '9848395', '89812'),
(576, 51, '230', '7722846', '64064'),
(577, 51, 'Clase Clc', '9226537', '46142'),
(578, 51, 'Clase Glk', '4203888', '551524'),
(579, 51, 'Sls Amg', '1375283', '856004'),
(580, 52, 'Mgf', '8987597', '882051'),
(581, 52, 'Tf', '7300942', '482252'),
(582, 52, 'Zr', '9005295', '220613'),
(583, 52, 'Zs', '9107867', '952453'),
(584, 52, 'Zt', '4790669', '190499'),
(585, 52, 'Ztt', '5296067', '408426'),
(586, 52, 'Mini', '6101324', '585106'),
(587, 52, 'Countryman', '6455837', '597163'),
(588, 52, 'Paceman', '8182766', '597942'),
(589, 54, 'Montero', '7619539', '246937'),
(590, 54, 'Galant', '7629041', '669059'),
(591, 54, 'Colt', '5711932', '175280'),
(592, 54, 'Space Wagon', '4372860', '463376'),
(593, 54, 'Space Runner', '6575785', '807087'),
(594, 54, 'Space Gear', '8643249', '453997'),
(595, 54, '3000 Gt', '783982', '396583'),
(596, 54, 'Carisma', '558334', '580593'),
(597, 54, 'Eclipse', '7184347', '69054'),
(598, 54, 'Space Star', '3951994', '773689'),
(599, 54, 'Montero Sport', '2653202', '634477'),
(600, 54, 'Montero Io', '7126798', '945351'),
(601, 54, 'Outlander', '2736144', '262925'),
(602, 54, 'Lancer', '9004457', '923428'),
(603, 54, 'Grandis', '4119926', '992489'),
(604, 54, 'L200', '3862501', '819152'),
(605, 54, 'Canter', '6605831', '274290'),
(606, 54, '300 Gt', '688349', '142719'),
(607, 54, 'Asx', '7640221', '809814'),
(608, 54, 'Imiev', '1381387', '763084'),
(609, 55, '44', '3781801', '116480'),
(610, 55, 'Plus 8', '5429397', '833086'),
(611, 55, 'Aero 8', '2908821', '575895'),
(612, 55, 'V6', '6676536', '765028'),
(613, 55, 'Roadster', '7010660', '73914'),
(614, 55, '4', '9976515', '699410'),
(615, 55, 'Plus 4', '279882', '933373'),
(616, 56, 'Terrano Ii', '8931470', '31054'),
(617, 56, 'Terrano', '6282840', '209146'),
(618, 56, 'Micra', '7999456', '656522'),
(619, 56, 'Sunny', '9527517', '474987'),
(620, 56, 'Primera', '7645226', '246656'),
(621, 56, 'Serena', '8880252', '211314'),
(622, 56, 'Patrol', '5552571', '371477'),
(623, 56, 'Maxima Qx', '6992601', '170456'),
(624, 56, '200 Sx', '1854642', '655835'),
(625, 56, '300 Zx', '9387371', '757388'),
(626, 56, 'Patrol Gr', '7662512', '101309'),
(627, 56, '100 Nx', '3386026', '801181'),
(628, 56, 'Almera', '6235057', '134636'),
(629, 56, 'Pathfinder', '9556100', '484331'),
(630, 56, 'Almera Tino', '1508056', '530312'),
(631, 56, 'Xtrail', '4086353', '545557'),
(632, 56, '350z', '7092727', '614510'),
(633, 56, 'Murano', '4242725', '787204'),
(634, 56, 'Note', '4826683', '384142'),
(635, 56, 'Qashqai', '5626739', '844269'),
(636, 56, 'Tiida', '9683033', '661389'),
(637, 56, 'Vanette', '939939', '229940'),
(638, 56, 'Trade', '8229499', '865666'),
(639, 56, 'Vanette Cargo', '2321957', '483970'),
(640, 56, 'Pickup', '9356574', '606220'),
(641, 56, 'Navara', '8869546', '459595'),
(642, 56, 'Cabstar E', '10086', '891894'),
(643, 56, 'Cabstar', '8956451', '658309'),
(644, 56, 'Maxima', '119197', '811144'),
(645, 56, 'Camion', '3009544', '193157'),
(646, 56, 'Prairie', '4518912', '76674'),
(647, 56, 'Bluebird', '4944345', '89474'),
(648, 56, 'Np300 Pick Up', '4752640', '529561'),
(649, 56, 'Qashqai2', '6315941', '599950'),
(650, 56, 'Pixo', '2213430', '140529'),
(651, 56, 'Gtr', '5792118', '552188'),
(652, 56, '370z', '9543511', '126321'),
(653, 56, 'Cube', '5880171', '429525'),
(654, 56, 'Juke', '7569755', '665866'),
(655, 56, 'Leaf', '6125505', '71824'),
(656, 56, 'Evalia', '6000639', '418443'),
(657, 57, 'Astra', '9147251', '883686'),
(658, 57, 'Vectra', '1115597', '68153'),
(659, 57, 'Calibra', '3526806', '870343'),
(660, 57, 'Corsa', '4027339', '138004'),
(661, 57, 'Omega', '7711516', '551452'),
(662, 57, 'Frontera', '3196186', '246948'),
(663, 57, 'Tigra', '3882072', '641109'),
(664, 57, 'Monterey', '693280', '526730'),
(665, 57, 'Sintra', '1547745', '497447'),
(666, 57, 'Zafira', '3037929', '987445'),
(667, 57, 'Agila', '8709836', '628389'),
(668, 57, 'Speedster', '9841844', '869421'),
(669, 57, 'Signum', '8035784', '58013'),
(670, 57, 'Meriva', '8366073', '408060'),
(671, 57, 'Antara', '6407178', '963160'),
(672, 57, 'Gt', '4932689', '357092'),
(673, 57, 'Combo', '139395', '463558'),
(674, 57, 'Movano', '7412158', '76990'),
(675, 57, 'Vivaro', '7108116', '77580'),
(676, 57, 'Kadett', '5719520', '332950'),
(677, 57, 'Monza', '4499823', '378399'),
(678, 57, 'Senator', '1335403', '839068'),
(679, 57, 'Rekord', '4263826', '967891'),
(680, 57, 'Manta', '2714532', '842040'),
(681, 57, 'Ascona', '7084156', '769573'),
(682, 57, 'Insignia', '2351149', '108341'),
(683, 57, 'Zafira Tourer', '9236155', '671951'),
(684, 57, 'Ampera', '6742718', '473489'),
(685, 57, 'Mokka', '4362845', '548656'),
(686, 57, 'Adam', '4610245', '783043'),
(687, 58, '306', '8845878', '609542'),
(688, 58, '605', '3421607', '73145'),
(689, 58, '106', '3228332', '658698'),
(690, 58, '205', '2587776', '82760'),
(691, 58, '405', '5166987', '635190'),
(692, 58, '406', '581975', '423688'),
(693, 58, '806', '7759365', '667820'),
(694, 58, '807', '3751383', '419496'),
(695, 58, '407', '1352700', '47859'),
(696, 58, '307', '5530593', '378644'),
(697, 58, '206', '4294182', '935396'),
(698, 58, '607', '8237715', '557999'),
(699, 58, '308', '9427018', '330451'),
(700, 58, '307 Sw', '8969903', '844097'),
(701, 58, '206 Sw', '5483889', '452092'),
(702, 58, '407 Sw', '3846251', '418154'),
(703, 58, '1007', '8643778', '95365'),
(704, 58, '107', '8810636', '654475'),
(705, 58, '207', '6020012', '113645'),
(706, 58, '4007', '2649070', '956627'),
(707, 58, 'Boxer', '3909942', '697610'),
(708, 58, 'Partner', '6205607', '409453'),
(709, 58, 'J5', '5775953', '132962'),
(710, 58, '604', '3372777', '889589'),
(711, 58, '505', '1447057', '745971'),
(712, 58, '309', '2998315', '741354'),
(713, 58, 'Bipper', '3023958', '95222'),
(714, 58, 'Partner Origin', '8883850', '63207'),
(715, 58, '3008', '9914291', '189013'),
(716, 58, '5008', '1411442', '391273'),
(717, 58, 'Rcz', '7146457', '349346'),
(718, 58, '508', '6044735', '350568'),
(719, 58, 'Ion', '607912', '182352'),
(720, 58, '208', '2149405', '926969'),
(721, 58, '4008', '3586385', '680701'),
(722, 59, 'Trans Sport', '505638', '378516'),
(723, 59, 'Firebird', '7402831', '871546'),
(724, 59, 'Trans Am', '420630', '795014'),
(725, 60, '911', '7583699', '289320'),
(726, 60, 'Boxster', '8185426', '920289'),
(727, 60, 'Cayenne', '4611371', '987443'),
(728, 60, 'Carrera Gt', '5142617', '74206'),
(729, 60, 'Cayman', '1125607', '558598'),
(730, 60, '928', '2601796', '502603'),
(731, 60, '968', '3174338', '25565'),
(732, 60, '944', '1344215', '350676'),
(733, 60, '924', '7089106', '125296'),
(734, 60, 'Panamera', '6605440', '752028'),
(735, 60, '918', '7717213', '894873'),
(736, 61, 'Megane', '9710698', '530816'),
(737, 61, 'Safrane', '9814153', '590771'),
(738, 61, 'Laguna', '9797856', '158072'),
(739, 61, 'Clio', '941752', '954229'),
(740, 61, 'Twingo', '4012960', '672071'),
(741, 61, 'Nevada', '9724844', '465696'),
(742, 61, 'Espace', '2919022', '799576'),
(743, 61, 'Spider', '6883298', '566344'),
(744, 61, 'Scenic', '9287971', '479071'),
(745, 61, 'Grand Espace', '667395', '284028'),
(746, 61, 'Avantime', '1264217', '330570'),
(747, 61, 'Vel Satis', '8083234', '428265'),
(748, 61, 'Grand Scenic', '3782376', '889472'),
(749, 61, 'Clio Campus', '7370441', '173867'),
(750, 61, 'Modus', '6774467', '138521'),
(751, 61, 'Express', '4802984', '46103'),
(752, 61, 'Trafic', '5576235', '825519'),
(753, 61, 'Master', '2878340', '609384'),
(754, 61, 'Kangoo', '531458', '684360'),
(755, 61, 'Mascott', '2642218', '105139'),
(756, 61, 'Master Propulsion', '5814571', '122655'),
(757, 61, 'Maxity', '3652801', '401789'),
(758, 61, 'R19', '7156351', '178357'),
(759, 61, 'R25', '9084618', '219438'),
(760, 61, 'R5', '2702618', '858510'),
(761, 61, 'R21', '5842370', '834821'),
(762, 61, 'R4', '5868102', '246694'),
(763, 61, 'Alpine', '3133791', '579218'),
(764, 61, 'Fuego', '7444569', '20996'),
(765, 61, 'R18', '7969182', '758506'),
(766, 61, 'R11', '3204254', '36953'),
(767, 61, 'R9', '9612673', '660861'),
(768, 61, 'R6', '798709', '905532'),
(769, 61, 'Grand Modus', '47132', '330132'),
(770, 61, 'Kangoo Combi', '1412124', '507984'),
(771, 61, 'Koleos', '7453890', '145819'),
(772, 61, 'Fluence', '2184647', '855400'),
(773, 61, 'Wind', '485500', '345723'),
(774, 61, 'Latitude', '799626', '216683'),
(775, 61, 'Grand Kangoo Combi', '2760699', '5393'),
(776, 62, 'Siver Dawn', '3339184', '299883'),
(777, 62, 'Silver Spur', '7065623', '893361'),
(778, 62, 'Park Ward', '2229903', '782779'),
(779, 62, 'Silver Seraph', '1479738', '101880'),
(780, 62, 'Corniche', '7444941', '734353'),
(781, 62, 'Phantom', '2850340', '588300'),
(782, 62, 'Touring', '5181389', '399730'),
(783, 62, 'Silvier', '3119573', '267164'),
(784, 63, '800', '3142858', '108883'),
(785, 63, '600', '634187', '483050'),
(786, 63, '100', '3747926', '975533'),
(787, 63, '200', '398433', '603920'),
(788, 63, 'Coupe', '1339403', '677319'),
(789, 63, '400', '3746330', '805244'),
(790, 63, '45', '2616518', '618175'),
(791, 63, 'Cabriolet', '576003', '776353'),
(792, 63, '25', '2152695', '958705'),
(793, 63, 'Mini', '1869076', '787417'),
(794, 63, '75', '9559540', '643705'),
(795, 63, 'Streetwise', '6520681', '330912'),
(796, 63, 'Sd', '7785036', '920386'),
(797, 64, '900', '896028', '965996'),
(798, 64, '93', '3321180', '748519'),
(799, 64, '9000', '3222018', '925020'),
(800, 64, '95', '9046688', '872794'),
(801, 64, '93x', '1966117', '250420'),
(802, 64, '94x', '4060597', '633125'),
(803, 65, '300', '1975269', '450836'),
(804, 65, '350', '5340534', '667618'),
(805, 65, 'Anibal', '8555353', '982725'),
(806, 65, 'Anibal Pick Up', '1623816', '735922'),
(807, 66, 'Ibiza', '5569125', '395540'),
(808, 66, 'Cordoba', '1208017', '491137'),
(809, 66, 'Toledo', '2145475', '490949'),
(810, 66, 'Marbella', '1436973', '880914'),
(811, 66, 'Alhambra', '5442311', '653637'),
(812, 66, 'Arosa', '4946802', '775394'),
(813, 66, 'Leon', '3707651', '163632'),
(814, 66, 'Altea', '726028', '387186'),
(815, 66, 'Altea Xl', '4954224', '293243'),
(816, 66, 'Altea Freetrack', '8896114', '476728'),
(817, 66, 'Terra', '241049', '527611'),
(818, 66, 'Inca', '7380184', '220422'),
(819, 66, 'Malaga', '8106922', '8522'),
(820, 66, 'Ronda', '6706517', '845188'),
(821, 66, 'Exeo', '6488213', '13913'),
(822, 66, 'Mii', '8564739', '747708'),
(823, 67, 'Felicia', '4221861', '106572'),
(824, 67, 'Forman', '2561564', '515721'),
(825, 67, 'Octavia', '3972046', '23277'),
(826, 67, 'Octavia Tour', '3766802', '194952'),
(827, 67, 'Fabia', '1568446', '214316'),
(828, 67, 'Superb', '5844909', '164683'),
(829, 67, 'Roomster', '1391005', '304389'),
(830, 67, 'Scout', '1758319', '593206'),
(831, 67, 'Pickup', '9682309', '925524'),
(832, 67, 'Favorit', '2101115', '131256'),
(833, 67, '130', '3732674', '187230'),
(834, 67, 'S', '5149575', '197380'),
(835, 67, 'Yeti', '4099967', '908711'),
(836, 67, 'Citigo', '4481851', '320635'),
(837, 67, 'Rapid', '8713563', '159585'),
(838, 68, 'Smart', '8891991', '846600'),
(839, 68, 'Citycoupe', '7465051', '313856'),
(840, 68, 'Fortwo', '7817557', '435073'),
(841, 68, 'Cabrio', '6736800', '398380'),
(842, 68, 'Crossblade', '1341221', '844525'),
(843, 68, 'Roadster', '9468343', '81458'),
(844, 68, 'Forfour', '1207548', '945425'),
(845, 69, 'Korando', '1717237', '295098'),
(846, 69, 'Family', '498075', '744084'),
(847, 69, 'K4d', '6755935', '163928'),
(848, 69, 'Musso', '408870', '918713'),
(849, 69, 'Korando Kj', '2392134', '816794'),
(850, 69, 'Rexton', '1827508', '587015'),
(851, 69, 'Rexton Ii', '4908674', '251735'),
(852, 69, 'Rodius', '6663723', '826737'),
(853, 69, 'Kyron', '6198656', '876569'),
(854, 69, 'Actyon', '4055496', '958851'),
(855, 69, 'Sports Pick Up', '3092368', '87834'),
(856, 69, 'Actyon Sports Pick Up', '9528732', '867990'),
(857, 69, 'Kodando', '7503996', '534587'),
(858, 70, 'Legacy', '8225096', '795656'),
(859, 70, 'Impreza', '3110826', '642764'),
(860, 70, 'Svx', '5342765', '661720'),
(861, 70, 'Justy', '7247174', '434803'),
(862, 70, 'Outback', '7679800', '812804'),
(863, 70, 'Forester', '3931222', '952979'),
(864, 70, 'G3x Justy', '2041662', '698204'),
(865, 70, 'B9 Tribeca', '289957', '123036'),
(866, 70, 'Xt', '9120813', '763485'),
(867, 70, '1800', '5589053', '109419'),
(868, 70, 'Tribeca', '5105540', '691775'),
(869, 70, 'Wrx Sti', '8026679', '665896'),
(870, 70, 'Trezia', '1679371', '566201'),
(871, 70, 'Xv', '5641376', '127643'),
(872, 70, 'Brz', '7256975', '259911'),
(873, 71, 'Maruti', '6606890', '211891'),
(874, 71, 'Swift', '47384', '992779'),
(875, 71, 'Vitara', '7585600', '523752'),
(876, 71, 'Baleno', '6082648', '964836'),
(877, 71, 'Samurai', '2436629', '768824'),
(878, 71, 'Alto', '9902357', '547511'),
(879, 71, 'Wagon R', '5849948', '954794'),
(880, 71, 'Jimny', '4976303', '371266'),
(881, 71, 'Grand Vitara', '231471', '390054'),
(882, 71, 'Ignis', '8560203', '290310'),
(883, 71, 'Liana', '5800247', '724315'),
(884, 71, 'Grand Vitara Xl7', '6537592', '323414'),
(885, 71, 'Sx4', '3362466', '910218'),
(886, 71, 'Splash', '1788953', '916316'),
(887, 71, 'Kizashi', '6904212', '401223'),
(888, 72, 'Samba', '6312254', '950647'),
(889, 72, 'Tagora', '7585919', '145605'),
(890, 72, 'Solara', '635255', '246632'),
(891, 72, 'Horizon', '6959347', '684808'),
(892, 73, 'Telcosport', '8072502', '543124'),
(893, 73, 'Telco', '6600055', '867770'),
(894, 73, 'Sumo', '2064143', '651222'),
(895, 73, 'Safari', '6917033', '153980'),
(896, 73, 'Indica', '4192964', '617938'),
(897, 73, 'Indigo', '3977100', '129235'),
(898, 73, 'Grand Safari', '4931039', '228530'),
(899, 73, 'Tl Pick Up', '2664841', '841210'),
(900, 73, 'Xenon Pick Up', '5882706', '108928'),
(901, 73, 'Vista', '6000245', '529522'),
(902, 73, 'Xenon', '4625934', '62288'),
(903, 73, 'Aria', '487336', '223863'),
(904, 74, 'Carina E', '466979', '255151'),
(905, 74, '4runner', '475737', '453217'),
(906, 74, 'Camry', '3544543', '26512'),
(907, 74, 'Rav4', '3067557', '930576'),
(908, 74, 'Celica', '4962156', '695607'),
(909, 74, 'Supra', '1296364', '405456'),
(910, 74, 'Paseo', '621127', '397995'),
(911, 74, 'Land Cruiser 80', '1088839', '704594'),
(912, 74, 'Land Cruiser 100', '2372290', '529534'),
(913, 74, 'Land Cruiser', '7765', '177221'),
(914, 74, 'Land Cruiser 90', '3847304', '71032'),
(915, 74, 'Corolla', '1631211', '471128'),
(916, 74, 'Auris', '5904632', '833478'),
(917, 74, 'Avensis', '7769575', '342163'),
(918, 74, 'Picnic', '6475802', '2832'),
(919, 74, 'Yaris', '8167274', '978841'),
(920, 74, 'Yaris Verso', '6744005', '687479'),
(921, 74, 'Mr2', '8817580', '715575'),
(922, 74, 'Previa', '7059195', '402334'),
(923, 74, 'Prius', '2844882', '813930'),
(924, 74, 'Avensis Verso', '5196920', '65012'),
(925, 74, 'Corolla Verso', '5282541', '328146'),
(926, 74, 'Corolla Sedan', '8048770', '707536'),
(927, 74, 'Aygo', '7600572', '943334'),
(928, 74, 'Hilux', '2042617', '324888'),
(929, 74, 'Dyna', '9728248', '614711'),
(930, 74, 'Land Cruiser 200', '5820381', '86746'),
(931, 74, 'Verso', '8083340', '279165'),
(932, 74, 'Iq', '5913138', '646406'),
(933, 74, 'Urban Cruiser', '6692245', '590853'),
(934, 74, 'Gt86', '9974003', '698294'),
(935, 75, '100', '9515506', '566176'),
(936, 75, '121', '3292544', '807510'),
(937, 76, '214', '2251950', '610154'),
(938, 76, '110 Stawra', '1847332', '993242'),
(939, 76, '111 Stawra', '8910871', '748900'),
(940, 76, '215', '3137654', '167747'),
(941, 76, '112 Stawra', '7498414', '819295'),
(942, 77, 'Passat', '2792979', '526414'),
(943, 77, 'Golf', '1887612', '63536'),
(944, 77, 'Vento', '8920809', '216753'),
(945, 77, 'Polo', '4788234', '631770'),
(946, 77, 'Corrado', '794693', '9067'),
(947, 77, 'Sharan', '896183', '309032'),
(948, 77, 'Lupo', '2857443', '268174'),
(949, 77, 'Bora', '6500634', '306103'),
(950, 77, 'Jetta', '7256773', '883898'),
(951, 77, 'New Beetle', '7567771', '109483'),
(952, 77, 'Phaeton', '991755', '386760'),
(953, 77, 'Touareg', '1888893', '484524'),
(954, 77, 'Touran', '8235855', '458637'),
(955, 77, 'Multivan', '76091', '908467'),
(956, 77, 'Caddy', '6767713', '995355'),
(957, 77, 'Golf Plus', '1156678', '789043'),
(958, 77, 'Fox', '8880666', '404423'),
(959, 77, 'Eos', '3215504', '226523'),
(960, 77, 'Caravelle', '1065068', '955696'),
(961, 77, 'Tiguan', '9049445', '465804'),
(962, 77, 'Transporter', '7101366', '487005'),
(963, 77, 'Lt', '3288757', '191749'),
(964, 77, 'Taro', '2863717', '113184'),
(965, 77, 'Crafter', '9053369', '773188'),
(966, 77, 'California', '2596485', '787802'),
(967, 77, 'Santana', '3227115', '608696'),
(968, 77, 'Scirocco', '4424273', '463208'),
(969, 77, 'Passat Cc', '9408968', '276344'),
(970, 77, 'Amarok', '1165524', '92023'),
(971, 77, 'Beetle', '7066602', '773212'),
(972, 77, 'Up', '6121673', '580237'),
(973, 77, 'Cc', '7302884', '615920'),
(974, 78, '440', '2299919', '753870'),
(975, 78, '850', '5018245', '400774'),
(976, 78, 'S70', '5744610', '363495'),
(977, 78, 'V70', '5561240', '857312'),
(978, 78, 'V70 Classic', '2525794', '549797'),
(979, 78, '940', '2803839', '284486'),
(980, 78, '480', '3400501', '913520'),
(981, 78, '460', '1466291', '750736'),
(982, 78, '960', '1536398', '476067'),
(983, 78, 'S90', '1030151', '117375'),
(984, 78, 'V90', '4753894', '786070'),
(985, 78, 'Classic', '6465707', '459476'),
(986, 78, 'S40', '6412049', '178593'),
(987, 78, 'V40', '6755736', '870165'),
(988, 78, 'V50', '9865498', '101507'),
(989, 78, 'V70 Xc', '1846383', '618577'),
(990, 78, 'Xc70', '2282269', '55429'),
(991, 78, 'C70', '2615942', '15488'),
(992, 78, 'S80', '3497012', '906679'),
(993, 78, 'S60', '7562933', '299'),
(994, 78, 'Xc90', '2137788', '858527'),
(995, 78, 'C30', '516757', '818724'),
(996, 78, '780', '7953499', '548712'),
(997, 78, '760', '7339854', '257221'),
(998, 78, '740', '8174126', '735349'),
(999, 78, '240', '8515823', '648310'),
(1000, 78, '360', '6551623', '957713'),
(1001, 78, '340', '8081825', '100330'),
(1002, 78, 'Xc60', '4634726', '212586'),
(1003, 78, 'V60', '3648527', '497104'),
(1004, 78, 'V40 Cross Country', '1854409', '756287'),
(1005, 79, '353', '1990763', '937509'),
(1006, 53, 'Mini', '5963431', '823853'),
(1007, 53, 'Countryman', '1737376', '239340'),
(1008, 53, 'Paceman', '8473078', '987473');

-- --------------------------------------------------------

--
-- Estructura de tabla para la tabla `marca`
--

CREATE TABLE `marca` (
  `idmarca` int(11) NOT NULL,
  `nombre` varchar(100) DEFAULT NULL
) ENGINE=InnoDB DEFAULT CHARSET=latin1;

--
-- Volcado de datos para la tabla `marca`
--

INSERT INTO `marca` (`idmarca`, `nombre`) VALUES
(1, 'Abarth\r'),
(2, 'Alfa Romeo\r'),
(3, 'Aro\r'),
(4, 'Asia\r'),
(5, 'Asia Motors\r'),
(6, 'Aston Martin\r'),
(7, 'Audi\r'),
(8, 'Austin\r'),
(9, 'Auverland\r'),
(10, 'Bentley\r'),
(11, 'Bertone\r'),
(12, 'Bmw\r'),
(13, 'Cadillac\r'),
(14, 'Chevrolet\r'),
(15, 'Chrysler\r'),
(16, 'Citroen\r'),
(17, 'Corvette\r'),
(18, 'Dacia\r'),
(19, 'Daewoo\r'),
(20, 'Daf\r'),
(21, 'Daihatsu\r'),
(22, 'Daimler\r'),
(23, 'Dodge\r'),
(24, 'Ferrari\r'),
(25, 'Fiat\r'),
(26, 'Ford\r'),
(27, 'Galloper\r'),
(28, 'Gmc\r'),
(29, 'Honda\r'),
(30, 'Hummer\r'),
(31, 'Hyundai\r'),
(32, 'Infiniti\r'),
(33, 'Innocenti\r'),
(34, 'Isuzu\r'),
(35, 'Iveco\r'),
(36, 'Iveco-pegaso\r'),
(37, 'Jaguar\r'),
(38, 'Jeep\r'),
(39, 'Kia\r'),
(40, 'Lada\r'),
(41, 'Lamborghini\r'),
(42, 'Lancia\r'),
(43, 'Land-rover\r'),
(44, 'Ldv\r'),
(45, 'Lexus\r'),
(46, 'Lotus\r'),
(47, 'Mahindra\r'),
(48, 'Maserati\r'),
(49, 'Maybach\r'),
(50, 'Mazda\r'),
(51, 'Mercedes-benz\r'),
(52, 'Mg\r'),
(53, 'Mini\r'),
(54, 'Mitsubishi\r'),
(55, 'Morgan\r'),
(56, 'Nissan\r'),
(57, 'Opel\r'),
(58, 'Peugeot\r'),
(59, 'Pontiac\r'),
(60, 'Porsche\r'),
(61, 'Renault\r'),
(62, 'Rolls-royce\r'),
(63, 'Rover\r'),
(64, 'Saab\r'),
(65, 'Santana\r'),
(66, 'Seat\r'),
(67, 'Skoda\r'),
(68, 'Smart\r'),
(69, 'Ssangyong\r'),
(70, 'Subaru\r'),
(71, 'Suzuki\r'),
(72, 'Talbot\r'),
(73, 'Tata\r'),
(74, 'Toyota\r'),
(75, 'Umm\r'),
(76, 'Vaz\r'),
(77, 'Volkswagen\r'),
(78, 'Volvo\r'),
(79, 'Wartburg\r');

-- --------------------------------------------------------

--
-- Estructura de tabla para la tabla `menu`
--

CREATE TABLE `menu` (
  `MenuId` int(5) UNSIGNED ZEROFILL NOT NULL,
  `MenuNom` varchar(100) NOT NULL,
  `MenuUrl` varchar(100) NOT NULL,
  `MenuPadre` varchar(8) NOT NULL,
  `MenuHijo` varchar(8) NOT NULL
) ENGINE=InnoDB DEFAULT CHARSET=latin1;

--
-- Volcado de datos para la tabla `menu`
--

INSERT INTO `menu` (`MenuId`, `MenuNom`, `MenuUrl`, `MenuPadre`, `MenuHijo`) VALUES
(00001, 'Logo OCEO S.A.C.', 'inicio/index', '10001000', 'N'),
(00002, 'Publicar', 'publicar/index', '20002000', 'N'),
(00003, 'Nosotros', 'nosotros/index', '30003000', 'N'),
(00004, 'Blog', 'blog/index', '40004000', 'N'),
(00005, 'Servicios', 'servicios/index', '50005000', 'N'),
(00006, 'Alertas de Vehículos', 'servicios/alertas', 'N', '50005001');

-- --------------------------------------------------------

--
-- Estructura de tabla para la tabla `persona`
--

CREATE TABLE `persona` (
  `idpersona` int(11) NOT NULL,
  `nombre` varchar(100) DEFAULT NULL,
  `apepat` varchar(100) DEFAULT NULL,
  `apemat` varchar(100) DEFAULT NULL,
  `edad` int(11) DEFAULT NULL,
  `sexo` bit(1) DEFAULT NULL
) ENGINE=InnoDB DEFAULT CHARSET=latin1;

-- --------------------------------------------------------

--
-- Estructura de tabla para la tabla `publicacion`
--

CREATE TABLE `publicacion` (
  `idpublicacion` int(11) NOT NULL,
  `idauto` int(11) NOT NULL,
  `fechaini` date DEFAULT NULL,
  `fechafin` date DEFAULT NULL,
  `estado` bit(1) DEFAULT NULL
) ENGINE=InnoDB DEFAULT CHARSET=latin1;

-- --------------------------------------------------------

--
-- Estructura de tabla para la tabla `usuario`
--

CREATE TABLE `usuario` (
  `idusuario` int(11) NOT NULL,
  `idpersona` int(11) NOT NULL,
  `usuario` varchar(100) DEFAULT NULL,
  `passw` varchar(100) DEFAULT NULL,
  `estado` bit(1) DEFAULT NULL,
  `idtipousuario` int(11) DEFAULT NULL
) ENGINE=InnoDB DEFAULT CHARSET=latin1;

--
-- Índices para tablas volcadas
--

--
-- Indices de la tabla `auto`
--
ALTER TABLE `auto`
  ADD PRIMARY KEY (`idauto`);

--
-- Indices de la tabla `marca`
--
ALTER TABLE `marca`
  ADD PRIMARY KEY (`idmarca`);

--
-- Indices de la tabla `menu`
--
ALTER TABLE `menu`
  ADD PRIMARY KEY (`MenuId`);

--
-- Indices de la tabla `persona`
--
ALTER TABLE `persona`
  ADD PRIMARY KEY (`idpersona`);

--
-- Indices de la tabla `publicacion`
--
ALTER TABLE `publicacion`
  ADD PRIMARY KEY (`idpublicacion`);

--
-- Indices de la tabla `usuario`
--
ALTER TABLE `usuario`
  ADD PRIMARY KEY (`idusuario`);

--
-- AUTO_INCREMENT de las tablas volcadas
--

--
-- AUTO_INCREMENT de la tabla `auto`
--
ALTER TABLE `auto`
  MODIFY `idauto` int(11) NOT NULL AUTO_INCREMENT, AUTO_INCREMENT=1009;
--
-- AUTO_INCREMENT de la tabla `marca`
--
ALTER TABLE `marca`
  MODIFY `idmarca` int(11) NOT NULL AUTO_INCREMENT, AUTO_INCREMENT=80;
--
-- AUTO_INCREMENT de la tabla `menu`
--
ALTER TABLE `menu`
  MODIFY `MenuId` int(5) UNSIGNED ZEROFILL NOT NULL AUTO_INCREMENT, AUTO_INCREMENT=7;
--
-- AUTO_INCREMENT de la tabla `persona`
--
ALTER TABLE `persona`
  MODIFY `idpersona` int(11) NOT NULL AUTO_INCREMENT;
--
-- AUTO_INCREMENT de la tabla `publicacion`
--
ALTER TABLE `publicacion`
  MODIFY `idpublicacion` int(11) NOT NULL AUTO_INCREMENT;
--
-- AUTO_INCREMENT de la tabla `usuario`
--
ALTER TABLE `usuario`
  MODIFY `idusuario` int(11) NOT NULL AUTO_INCREMENT;
/*!40101 SET CHARACTER_SET_CLIENT=@OLD_CHARACTER_SET_CLIENT */;
/*!40101 SET CHARACTER_SET_RESULTS=@OLD_CHARACTER_SET_RESULTS */;
/*!40101 SET COLLATION_CONNECTION=@OLD_COLLATION_CONNECTION */;


-- Agregando sentencias SQL
ALTER TABLE `oceo`.`usuario` CHANGE COLUMN `idusuario` `idusuario` INT(11) ZEROFILL;
ALTER TABLE `usuario` CHANGE `idusuario` `idusuario` INT(11) UNSIGNED ZEROFILL NOT NULL AUTO_INCREMENT;
ALTER TABLE `oceo`.`persona` CHANGE COLUMN `idpersona` `idpersona` INT(11) ZEROFILL;
ALTER TABLE `persona` CHANGE `idpersona` `idpersona` INT(11) UNSIGNED ZEROFILL NOT NULL AUTO_INCREMENT;
ALTER TABLE `oceo`.`publicacion` CHANGE COLUMN `idpublicacion` `idpublicacion` INT(11) ZEROFILL;
ALTER TABLE `publicacion` CHANGE `idpublicacion` `idpublicacion` INT(11) UNSIGNED ZEROFILL NOT NULL AUTO_INCREMENT;
ALTER TABLE `oceo`.`marca` CHANGE COLUMN `idmarca` `idmarca` INT(11) ZEROFILL;
ALTER TABLE `marca` CHANGE `idmarca` `idmarca` INT(11) UNSIGNED ZEROFILL NOT NULL AUTO_INCREMENT;
ALTER TABLE `oceo`.`auto` CHANGE COLUMN `idauto` `idauto` INT(11) ZEROFILL;
ALTER TABLE `auto` CHANGE `idauto` `idauto` INT(11) UNSIGNED ZEROFILL NOT NULL AUTO_INCREMENT;

--CLAVES FORANEAS
ALTER TABLE `usuario` ADD INDEX(`idpersona`);


ALTER TABLE `persona` CHANGE `sexo` `sexo` VARCHAR(1) NULL DEFAULT NULL;

ALTER TABLE `usuario` CHANGE `estado` `estado` VARCHAR(1) NULL DEFAULT NULL;